[
    {
        "ticker": "FTNT",
        "date": "2025-08-07",
        "is_in_portfolio": false,
        "nazwa": "Fortinet, Inc.",
        "is_manual_nazwa": false,
        "indicator_color_nazwa": "black",
        "sektor": "Technology",
        "is_manual_sektor": false,
        "indicator_color_sektor": "black",
        "faza": "Wzrost",
        "is_manual_faza": false,
        "indicator_color_faza": "black",
        "cena": "71.14",
        "is_manual_cena": false,
        "indicator_color_cena": "black",
        "pe_ratio": "41.38",
        "is_manual_pe_ratio": false,
        "indicator_color_pe_ratio": "black",
        "forward_pe": "39.06",
        "is_manual_forward_pe": false,
        "indicator_color_forward_pe": "black",
        "peg_ratio": "0.75",
        "is_manual_peg_ratio": false,
        "indicator_color_peg_ratio": "black",
        "revenue_growth": "14.46",
        "is_manual_revenue_growth": false,
        "indicator_color_revenue_growth": "black",
        "gross_margin": "81.29",
        "is_manual_gross_margin": false,
        "indicator_color_gross_margin": "black",
        "debt_equity": "0.48",
        "is_manual_debt_equity": false,
        "indicator_color_debt_equity": "black",
        "current_ratio": null,
        "is_manual_current_ratio": false,
        "indicator_color_current_ratio": "black",
        "roe": "165.17",
        "is_manual_roe": false,
        "indicator_color_roe": "black",
        "free_cash_flow_margin": "32.07",
        "is_manual_free_cash_flow_margin": false,
        "indicator_color_free_cash_flow_margin": "black",
        "eps_ttm": "2.43",
        "is_manual_eps_ttm": false,
        "indicator_color_eps_ttm": "black",
        "price_to_book_ratio": "48.35",
        "is_manual_price_to_book_ratio": false,
        "indicator_color_price_to_book_ratio": "black",
        "price_to_sales_ratio": "12.13",
        "is_manual_price_to_sales_ratio": false,
        "indicator_color_price_to_sales_ratio": "black",
        "operating_margin": "29.10",
        "is_manual_operating_margin": false,
        "indicator_color_operating_margin": "black",
        "profit_margin": "29.30",
        "is_manual_profit_margin": false,
        "indicator_color_profit_margin": "black",
        "quick_ratio": "1.39",
        "is_manual_quick_ratio": false,
        "indicator_color_quick_ratio": "black",
        "cash_ratio": "0.71",
        "is_manual_cash_ratio": false,
        "indicator_color_cash_ratio": "black",
        "cash_flow_to_debt_ratio": "2.27",
        "is_manual_cash_flow_to_debt_ratio": false,
        "indicator_color_cash_flow_to_debt_ratio": "black",
        "earnings_growth": null,
        "is_manual_earnings_growth": false,
        "indicator_color_earnings_growth": "black",
        "analyst_target_price": "106.44",
        "is_manual_analyst_target_price": false,
        "indicator_color_analyst_target_price": "black",
        "analyst_rating": null,
        "is_manual_analyst_rating": false,
        "indicator_color_analyst_rating": "black",
        "punkty": "52.76",
        "is_manual_punkty": false,
        "indicator_color_punkty": "black",
        "market_cap": "54455521320.00",
        "is_manual_market_cap": false,
        "indicator_color_market_cap": "black",
        "revenue": "5955800000.00",
        "is_manual_revenue": false,
        "indicator_color_revenue": "black",
        "ebitda_margin": null,
        "is_manual_ebitda_margin": false,
        "indicator_color_ebitda_margin": "black",
        "roic": null,
        "is_manual_roic": false,
        "indicator_color_roic": "black",
        "user_growth": null,
        "is_manual_user_growth": false,
        "indicator_color_user_growth": "black",
        "interest_coverage": "90.17",
        "is_manual_interest_coverage": false,
        "indicator_color_interest_coverage": "black",
        "net_debt_ebitda": null,
        "is_manual_net_debt_ebitda": false,
        "indicator_color_net_debt_ebitda": "black",
        "inventory_turnover": "3.67",
        "is_manual_inventory_turnover": false,
        "indicator_color_inventory_turnover": "black",
        "asset_turnover": "61.00",
        "is_manual_asset_turnover": false,
        "indicator_color_asset_turnover": "black",
        "operating_cash_flow": null,
        "is_manual_operating_cash_flow": false,
        "indicator_color_operating_cash_flow": "black",
        "free_cash_flow": null,
        "is_manual_free_cash_flow": false,
        "indicator_color_free_cash_flow": "black",
        "ffo": null,
        "is_manual_ffo": false,
        "indicator_color_ffo": "black",
        "ltv": null,
        "is_manual_ltv": false,
        "indicator_color_ltv": "black",
        "rnd_sales": null,
        "is_manual_rnd_sales": false,
        "indicator_color_rnd_sales": "black",
        "cac_ltv": null,
        "is_manual_cac_ltv": false,
        "indicator_color_cac_ltv": "black",
        "quarterly_revenue": [
            {
                "date": "2025-Q1",
                "revenue": "5151515.00",
                "is_manual": true
            },
            {
                "date": "2025-Q2",
                "revenue": "515151.00",
                "is_manual": true
            },
            {
                "date": "2025-Q3",
                "revenue": "51515.00",
                "is_manual": true
            },
            {
                "date": "2025-Q4",
                "revenue": "5151.00",
                "is_manual": true
            }
        ],
        "is_manual_quarterly_revenue": false,
        "indicator_color_quarterly_revenue": "black",
        "yearly_revenue": [
            {
                "date": "2024-12-31",
                "revenue": "5955800000.00",
                "is_manual": false
            },
            {
                "date": "2023-12-31",
                "revenue": "5304800000.00",
                "is_manual": false
            },
            {
                "date": "2022-12-31",
                "revenue": "4417400000.00",
                "is_manual": false
            },
            {
                "date": "2021-12-31",
                "revenue": "3342200000.00",
                "is_manual": false
            },
            {
                "date": "2020-12-31",
                "revenue": "2594400000.00",
                "is_manual": false
            },
            {
                "date": "2025",
                "revenue": "4444.00",
                "is_manual": true
            },
            {
                "date": "2024",
                "revenue": "333.00",
                "is_manual": true
            },
            {
                "date": "2023",
                "revenue": "23.00",
                "is_manual": true
            },
            {
                "date": "2021",
                "revenue": "1.00",
                "is_manual": true
            }
        ],
        "is_manual_yearly_revenue": false,
        "indicator_color_yearly_revenue": "black"
    }
]