[
    {
        "ticker": "RKLB",
        "date": "2025-08-03",
        "is_in_portfolio": false,
        "nazwa": null,
        "is_manual_nazwa": false,
        "indicator_color_nazwa": "black",
        "sektor": null,
        "is_manual_sektor": false,
        "indicator_color_sektor": "black",
        "faza": null,
        "is_manual_faza": false,
        "indicator_color_faza": "black",
        "cena": null,
        "is_manual_cena": false,
        "indicator_color_cena": "black",
        "pe_ratio": null,
        "is_manual_pe_ratio": false,
        "indicator_color_pe_ratio": "black",
        "forward_pe": null,
        "is_manual_forward_pe": false,
        "indicator_color_forward_pe": "black",
        "peg_ratio": null,
        "is_manual_peg_ratio": false,
        "indicator_color_peg_ratio": "black",
        "revenue_growth": null,
        "is_manual_revenue_growth": false,
        "indicator_color_revenue_growth": "black",
        "gross_margin": null,
        "is_manual_gross_margin": false,
        "indicator_color_gross_margin": "black",
        "debt_equity": null,
        "is_manual_debt_equity": false,
        "indicator_color_debt_equity": "black",
        "current_ratio": null,
        "is_manual_current_ratio": false,
        "indicator_color_current_ratio": "black",
        "roe": null,
        "is_manual_roe": false,
        "indicator_color_roe": "black",
        "free_cash_flow_margin": null,
        "is_manual_free_cash_flow_margin": false,
        "indicator_color_free_cash_flow_margin": "black",
        "eps_ttm": null,
        "is_manual_eps_ttm": false,
        "indicator_color_eps_ttm": "black",
        "price_to_book_ratio": null,
        "is_manual_price_to_book_ratio": false,
        "indicator_color_price_to_book_ratio": "black",
        "price_to_sales_ratio": null,
        "is_manual_price_to_sales_ratio": false,
        "indicator_color_price_to_sales_ratio": "black",
        "operating_margin": null,
        "is_manual_operating_margin": false,
        "indicator_color_operating_margin": "black",
        "profit_margin": null,
        "is_manual_profit_margin": false,
        "indicator_color_profit_margin": "black",
        "quick_ratio": null,
        "is_manual_quick_ratio": false,
        "indicator_color_quick_ratio": "black",
        "cash_ratio": null,
        "is_manual_cash_ratio": false,
        "indicator_color_cash_ratio": "black",
        "cash_flow_to_debt_ratio": null,
        "is_manual_cash_flow_to_debt_ratio": false,
        "indicator_color_cash_flow_to_debt_ratio": "black",
        "earnings_growth": null,
        "is_manual_earnings_growth": false,
        "indicator_color_earnings_growth": "black",
        "analyst_target_price": null,
        "is_manual_analyst_target_price": false,
        "indicator_color_analyst_target_price": "black",
        "analyst_rating": null,
        "is_manual_analyst_rating": false,
        "indicator_color_analyst_rating": "black",
        "punkty": null,
        "is_manual_punkty": false,
        "indicator_color_punkty": "black",
        "market_cap": null,
        "is_manual_market_cap": false,
        "indicator_color_market_cap": "black",
        "revenue": null,
        "is_manual_revenue": false,
        "indicator_color_revenue": "black",
        "ebitda_margin": null,
        "is_manual_ebitda_margin": false,
        "indicator_color_ebitda_margin": "black",
        "roic": null,
        "is_manual_roic": false,
        "indicator_color_roic": "black",
        "user_growth": null,
        "is_manual_user_growth": false,
        "indicator_color_user_growth": "black",
        "interest_coverage": null,
        "is_manual_interest_coverage": false,
        "indicator_color_interest_coverage": "black",
        "net_debt_ebitda": null,
        "is_manual_net_debt_ebitda": false,
        "indicator_color_net_debt_ebitda": "black",
        "inventory_turnover": null,
        "is_manual_inventory_turnover": false,
        "indicator_color_inventory_turnover": "black",
        "asset_turnover": null,
        "is_manual_asset_turnover": false,
        "indicator_color_asset_turnover": "black",
        "operating_cash_flow": null,
        "is_manual_operating_cash_flow": false,
        "indicator_color_operating_cash_flow": "black",
        "free_cash_flow": null,
        "is_manual_free_cash_flow": false,
        "indicator_color_free_cash_flow": "black",
        "ffo": null,
        "is_manual_ffo": false,
        "indicator_color_ffo": "black",
        "ltv": null,
        "is_manual_ltv": false,
        "indicator_color_ltv": "black",
        "rnd_sales": null,
        "is_manual_rnd_sales": false,
        "indicator_color_rnd_sales": "black",
        "cac_ltv": null,
        "is_manual_cac_ltv": false,
        "indicator_color_cac_ltv": "black",
        "quarterly_revenue": [],
        "is_manual_quarterly_revenue": false,
        "indicator_color_quarterly_revenue": "black",
        "yearly_revenue": [],
        "is_manual_yearly_revenue": false,
        "indicator_color_yearly_revenue": "black"
    }
]